,Title,Published_date,Views,Comment,Month,Year
0,YOU WILL FILL THE GAP || PST. INNOCENT ELEKE || SUNDAY SERVICE || 19TH NOV. 2023,2023-11-19,98,0,Nov,2023
1,FILLING THE GAPS || PST. INNOCENT ELEKE || SUNDAY SERVICE || 12TH NOV. 2023,2023-11-12,99,0,Nov,2023
2,WHERE DO YOU SLEEP? | Discover another place we can sleep as Christians  #shortsviral #jesusonly,2023-11-09,205,1,Nov,2023
3,FILLING THE GAPS || PST. INNOCENT ELEKE || SUNDAY SERVICE || 5TH NOV. 2023,2023-11-05,111,3,Nov,2023
4,DR. ODII ELIJAH || 29TH OCT. 2023,2023-10-29,196,1,Oct,2023
5,EPHPHATHA || PRAYER MEETING || PST. INNOCENT ELEKE || 28TH OCT. 2023,2023-10-28,125,0,Oct,2023
6,BALANCING FAITH AND REALITY #jesusonly #shortsviral #shortsfeed,2023-10-28,222,0,Oct,2023
7,CLEANSED || MID WEEK SERVICE || PST. INNOCENT ELEKE || 25TH OCT. 2023,2023-10-26,106,0,Oct,2023
8,Discover the Secrets to Maximizing the Holy Spirit in Your Life | PST. INNOCENT ELEKE,2023-10-24,148,5,Oct,2023
9,PARTAKERS || SUNDAY SERVICE || PST. INNOCENT ELEKE || 22ND OCT. 2023,2023-10-22,209,0,Oct,2023
10,HOUSE OF PRAYER || PRAYER MEETING || BRO. SAM LEKWA || 21ST OCT. 2023,2023-10-21,85,0,Oct,2023
11,ARE YOU REALLY IN CHARGE OF YOUR HABITS? #religion #jesusonly #shorts #shortsviral #shortvideo,2023-10-21,135,0,Oct,2023
12,EXCELLENCE IN SERVICE || MID WEEK SERVICE || 18TH OCT. 2023,2023-10-19,67,0,Oct,2023
13,CLOVEN TONGUES || PST. INNOCENT ELEKE || 15TH OCT. 2023,2023-10-15,48,1,Oct,2023
14,FRESHERS ONBOARDING || PST. INNOCENT ELEKE || 15TH OCT. 2023,2023-10-15,134,0,Oct,2023
15,DEALING WITH ALL THREATS || PST. INNOCENT ELEKE || 14TH OCT. 2023,2023-10-14,98,0,Oct,2023
16,HOW YOU SHOULD RUN YOUR LIFE AS A CHRISTIAN.,2023-10-13,128,0,Oct,2023
17,EMPOWERED TO SERVE || PST. INNOCENT ELEKE || 11TH OCT. 2023,2023-10-12,45,0,Oct,2023
18,REND THE HEAVENS || PST. INNOCENT ELEKE || 8TH OCT. 2023,2023-10-08,160,0,Oct,2023
19,UNUSUAL VISITATION || PST. INNOCENT ELEKE || 7TH OCT. 2023,2023-10-07,103,0,Oct,2023
20,WHAT CLOSED YOUR HEAVENS? PST. INNOCENT ELEKE #JesusOnly #shorts #openheaven,2023-10-06,239,0,Oct,2023
21,How To Close Your Heavens With Little Things | Pst. Innocent Eleke,2023-10-06,98,0,Oct,2023
22,Why You Shouldn't Commit To Jesus | Pst. Innocent Eleke,2023-10-06,66,0,Oct,2023
23,MID WEEK SERVICE || 4TH OCT. 2023,2023-10-05,60,1,Oct,2023
24,WHAT IS GREATER THAN SUCCESS? #jesusonly #pstinnocenteleke #shorts,2023-10-03,109,0,Oct,2023
25,WHY YOU NEED TO FOLLOW WHO KNOW ROAD.  #jesusonly #pstinnocenteleke #shorts,2023-10-03,91,1,Oct,2023
26,SECURING AN OPEN HEAVEN || PST. INNOCENT ELEKE || 1ST OCT. 2023,2023-10-01,141,1,Oct,2023
27,PRAYER MEEETING || PST. INNOCENT ELEKE || 30TH SEPT. 2023,2023-09-30,93,0,Sep,2023
28,GOD'S WORD AS A SHIELD || PST. INNOCENT ELEKE || 27TH SEPT. 2023,2023-09-28,48,0,Sep,2023
29,FOLLOWING JESUS || PST INNOCENT ELEKE || SUNDAY SERVICE || 24TH SEPT. 2023,2023-09-24,159,2,Sep,2023
30,PRAYER MEETING || 23TH SEPT. 2023,2023-09-23,32,0,Sep,2023
31,STANDING FIRM ON GOD'S WORD || MID WEEK SERCIVE || 20TH SEPT. 2023,2023-09-21,88,0,Sep,2023
32,GRACE FOR RECOVERY || PST. INNOCENT ELEKE || SUNDAY SERVICE || 17TH SEPT. 2023,2023-09-17,131,0,Sep,2023
33,MID WEEK SERCIVE || PST. INNOCENT ELEKE,2023-09-14,55,0,Sep,2023
34,FAITHFUL RESILIENCE || PST. INNOCENT ELEKE,2023-09-10,148,0,Sep,2023
35,PRAYER MEETING || SAT. 9TH SEPT. 2023,2023-09-09,72,0,Sep,2023
36,HOW TO HANDLE ADVERSITIES || PST. INNOCENT ELEKE,2023-09-07,153,1,Sep,2023
37,IT IS DONE || PST. INNOCENT ELEKE,2023-09-03,109,0,Sep,2023
38,PRAYER MEETING (IT IS DONE) || PST. INNOCENT ELEKE,2023-09-02,39,0,Sep,2023
39,THE FRUIT OF THE SPIRIT (RECAP) || PST. INNOCENT ELEKE,2023-08-31,64,1,Aug,2023
40,THE HOLY SPIRIT | PST. INNOCENT ELEKE | SUN. 27TH AUG. 2023,2023-08-27,117,0,Aug,2023
41,IGNITED (Sermon Excerpt)- PST. INNOCENT ELEKE,2023-08-26,46,0,Aug,2023
42,THE FRUIT OF THE SPIRIT (SELF-CONTROL) 2 || PST. INNOCENT ELEKE,2023-08-24,80,0,Aug,2023
43,WARRING WITH LIGHT - Pst. Innocent Eleke,2023-08-23,80,0,Aug,2023
44,WHEN GOD WANTS TO FIGHT - Pst. Innocent Eleke #shorts #jesusonly,2023-08-23,92,1,Aug,2023
45,CHALLENGING INGRATITUDE || PST. INNOCENT ELEKE,2023-08-20,114,0,Aug,2023
46,PRAYER MEETING || MARVELLOUSLY HELPED,2023-08-19,75,0,Aug,2023
47,THE FRUIT OF THE SPIRIT ( SELF-CONTROL ) || PST. INNOCENT ELEKE,2023-08-17,121,0,Aug,2023
48,IGNITED  - REDEFINING NORMS BY FIRE  || PST. INNOCENT ELEKE,2023-08-13,103,0,Aug,2023
49,PRAYER MEETING || CHALLENGING THE STATUS QUO 2,2023-08-12,46,0,Aug,2023
50,MID WEEK SERVICE || THE FRUIT OF THE SPIRIT (GENTLENESS),2023-08-10,54,0,Aug,2023
51,UNTIL MY CHANGE COMES - BRO. SAMUEL LEKWA || SUNDAY SERVICE || 6TH AUG. 2023,2023-08-06,93,0,Aug,2023
52,PRAYER MEETING || SAT. 5TH AUG. 2023,2023-08-05,38,0,Aug,2023
53,FRUIT OF THE SPIRIT - GENTLENESS || MID WEEK SERVICE || WED. 2ND AUG. 2023,2023-08-03,44,0,Aug,2023
54,THE ESSENCE OF LIGHT || BRO. IKENNA NWOKOLO,2023-07-30,106,0,Jul,2023
55,"FAITHFULNESS || MR. KACHI ORJI || MID-WEEK SERVICE || WED. 26TH JULY, 2023",2023-07-27,57,0,Jul,2023
56,WARRING WITH LIGHT || PST. INNOCENT ELEKE,2023-07-23,100,0,Jul,2023
57,"PRAYER MEETING || SAT. 22ND JULY, 2023",2023-07-22,37,0,Jul,2023
58,MIDWEEK SERVICE || PST. INNOCENT ELEKE,2023-07-20,70,0,Jul,2023
59,THE DARKNESS COMPREHENDED IT NOT || PST. INNOCENT ELEKE,2023-07-16,103,0,Jul,2023
60,GOD'S WORD AS AN INSTRUMENT OF LIGHT || BRO. PHILEMON MBA,2023-07-15,38,0,Jul,2023
61,MID WEEK SERVICE,2023-07-13,46,0,Jul,2023
62,BRIGHTER LIGHT IN YOUR ACADEMICS || MRS. JULIANA OBI,2023-07-09,115,0,Jul,2023
63,"LORD, IINCREASE MY LIGHT 2 || BRO. SAMUEL LEKWA",2023-07-08,57,0,Jul,2023
64,MID WEEK SERVICE || THE FRUIT OF THE SPIRIT ( KINDNESS ),2023-07-06,55,0,Jul,2023
65,ROYAL PRIESTHOOD (PST INNOCENT ELEKE)  WAILING SONS AND DAUGHTERS,2023-07-05,57,0,Jul,2023
66,CHOSEN GENERATION (PST INNOCENT ELEKE) - WAILING SONS AND DAUGHTERS,2023-07-05,61,0,Jul,2023
67,DON'T SETTLE FOR LESS || PST. INNOCENT ELEKE,2023-07-02,121,2,Jul,2023
68,"LORD, INCREASE MY LIGHT || BRO. IKENNA NWOKOLO",2023-07-01,55,0,Jul,2023
69,FRUIT OF THE SPIRIT (LONGSUFFERING) || PST. INNOCENT ELEKE,2023-06-29,85,0,Jun,2023
70,THE RAIN OF GOD'S PRESENCE || PST. INNOCENT ELEKE,2023-06-25,117,0,Jun,2023
71,THE FRUIT OF THE SPIRIT ( PEACE ) || DR. MRS. NNENNA ELEKE,2023-06-22,57,0,Jun,2023
72,THE RAIN OF ANSWERS || PST. INNOCENT ELEKE,2023-06-18,116,0,Jun,2023
73,THE RAIN OF MERCY || BRO. INNOCENT ILOKE,2023-06-17,40,0,Jun,2023
74,THE FRUIT OF THE SPIRIT (JOY) || PST. INNOCENT ELEKE,2023-06-15,55,0,Jun,2023
75,THE FRUIT OF THE SPIRIT JOY || PST. INNOCENT ELEKE,2023-06-14,43,0,Jun,2023
76,THE RAIN OF LIGHT || PST. INNOCENT ELEKE,2023-06-11,113,1,Jun,2023
77,"THE RAIN OF FAVOUR  || BRO. CHARLES OLUCHUKWU || 10TH JUNE, 2023",2023-06-10,51,0,Jun,2023
78,"THE FRUIT OF THE SPIRIT || 7TH JUNE, 2023",2023-06-08,71,0,Jun,2023
79,SUNDAY SERVICE || 4TH JUNE 2023,2023-06-04,112,0,Jun,2023
80,STRONG AND LOVELY 2023 || DAY 4 || EVENING SESSION,2023-06-04,183,0,Jun,2023
81,STRONG AND LOVELY 2023 || DAY 4,2023-06-03,195,2,Jun,2023
82,STRONG AND LOVELY 2023 || DAY 3,2023-06-03,247,0,Jun,2023
83,STRONG AND LOVELY 2023,2023-06-02,216,0,Jun,2023
84,STRONG AND LOVELY 2023,2023-06-01,245,2,Jun,2023
85,RAIN FOR THE REMNANTS || PST. INNOCENT ELEKE,2023-05-28,105,0,May,2023
86,RAIN FOR THE REMNANTS || PST. INNOCENT ELEKE,2023-05-28,38,0,May,2023
87,PRE-CONFERENCE PRAYER || 24TH MAY 2023,2023-05-25,42,0,May,2023
88,RAIN OF DELIVERANCE || 21ST MAY 2023,2023-05-21,62,1,May,2023
89,PRAYER MEETING || 20TH MAY 2023,2023-05-20,35,0,May,2023
90,FRUITS OF THE SPIRIT  || BRO. IKENNA NWOKOLO,2023-05-18,36,0,May,2023
91,"STRIFE, A HINDERANCE TO RAIN  || DR. MRS. NNENNA ELEKE",2023-05-14,64,0,May,2023
92,THE RAIN OF THE SPIRIT 2 || DR.  IYKE UGWUOKE,2023-05-13,59,0,May,2023
93,HINDERANCES TO RAIN || PST. CHINWEIKE UGWU,2023-05-11,64,0,May,2023
94,PREREQUISITES FOR THE RAIN  || PST. INNOCENT ELEKE,2023-05-07,100,0,May,2023
95,ASK FOR THE RAN || PST. INNOCENT ELEKE,2023-05-06,45,0,May,2023
96,RAIN OF THE SPIRIT || PST. INNOCENT ELEKE,2023-05-04,70,0,May,2023
97,MASTERY THROUGH PRAYER || PST. INNOCENT ELEKE,2023-04-30,123,0,Apr,2023
98,MASTERY OVER SEXUAL SIN 3 (CONSEQUENCES OF PERVERSION) || PST. INNOCENT ELEKE,2023-04-27,54,0,Apr,2023
99,DEALING WITH CHILDHOOD ISSUES || PST. CHINWEIKE UGWU,2023-04-22,85,0,Apr,2023
100,THE FATHERHOOD OF GOD || Pastor Innocent Eleke #Shorts #jesusonly #christianyoutube,2023-04-21,916,1,Apr,2023
101,DEALING WITH YOUR THOUGHTS || Pastor Innocent Eleke #Shorts #temptations #jesusonly,2023-04-21,455,0,Apr,2023
102,MASTERY OVER SEXUAL SIN 2 || PST. INNOCENT ELEKE,2023-04-20,104,1,Apr,2023
103,MASTERY OVER YOUR BODY || PST. INNOCENT ELEKE,2023-04-16,100,0,Apr,2023
104,I WILL CALL UPON THE LORD || PST. INNOCENT ELEKE,2023-04-15,66,0,Apr,2023
105,FOR EVERY CHRISTIAN STUDENT || Pastor Innocent Eleke #jesusonly,2023-04-13,198,0,Apr,2023
106,MASTERY OVER SEXUAL SIN || DR. MRS. NNENNA ELENDU-ELEKE,2023-04-13,196,2,Apr,2023
107,OVERCOMING EXAM MALPRACTICES || Pastor Innocent Eleke #jesusonly #Shorts,2023-04-12,139,1,Apr,2023
108,GAINING MASTERY OVER SIN || Pastor Innocent Eleke #jesusonly #christianyoutube #OvercomingSin,2023-04-12,185,1,Apr,2023
109,EASTER SUNDAY || PST. INNOCENT ELEKE,2023-04-09,97,0,Apr,2023
110,ALTAR FOR FRESH ENCOUNTER || PST. INNOCENT ELEKE,2023-04-08,62,0,Apr,2023
111,EASTER WEEKEND || PST. INNOCENT ELEKE,2023-04-07,46,0,Apr,2023
112,MASTERY OVER SIN || PST. INNOCENT ELEKE,2023-04-06,81,0,Apr,2023
113,WISDOM SERIES || WISDOM FOR MASTERY || PST. INNOCENT ELEKE,2023-04-02,92,0,Apr,2023
114,PRAYER MEETING || PST. CHINWEIKE UGWU,2023-04-01,61,0,Apr,2023
115,SPEAKING GOD'S WORD || PST. INNOCENT ELEKE,2023-03-30,51,0,Mar,2023
116,WISDOM SERIES || WISDOM TO BREAK FROM THE CONVENTIONAL || PST. INNOCENT ELEKE,2023-03-26,96,0,Mar,2023
117,PRAYER MEETING,2023-03-25,58,0,Mar,2023
118,MID WEEK SERVICE || THE VOICE OF HIS WORD,2023-03-23,43,0,Mar,2023
119,WISDOM SERIES || WISDOM AND SKILLS || BRO. JAPHET JOHN,2023-03-19,78,1,Mar,2023
120,MID WEEK SERVICE || THE SUPREMACY OF GOD'S WORD || PST. INNOCENT ELEKE,2023-03-16,59,0,Mar,2023
121,"WISDOM IS THE SECRET || PST. INNOCENT ELEKE || 12TH MARCH, 2023",2023-03-12,92,1,Mar,2023
122,"PRAYER MEETING || PST. INNOCENT ELEKE || 11TH MARCH, 2023",2023-03-11,37,0,Mar,2023
123,WISDOM SERIES || DEFICIENCY OF WISDOM || PST. INNOCENT ELEKE,2023-03-11,33,0,Mar,2023
124,"MID WEEK SERVICE || THE SUPREMACY OF GOD'S WORD || 8TH MARCH, 2023",2023-03-09,37,0,Mar,2023
125,SUNDAY SERVICE || WISDOM IS THE PRINCIPAL THING || BRO. SAMUEL LEKWA,2023-03-05,81,0,Mar,2023
126,PRAYER MEETING || GET WISDOM  || PST. INNOCENT ELEKE,2023-03-04,41,0,Mar,2023
127,MID WEEK SERVICE || THE WORD IS GOD,2023-03-02,38,0,Mar,2023
128,SUNDAY SERVICE || ALL ROUND GOODNESS || PST. INNOCENT ELEKE,2023-02-26,77,0,Feb,2023
129,Every Christian should vote || Pastor Innocent Eleke #shorts #2023elections #JesusOnly,2023-02-24,115,0,Feb,2023
130,AFRICAN YOUTHS SHOULD GET READY || Pastor Innocent Eleke #shorts #2023election #jesusonly,2023-02-24,272,0,Feb,2023
131,HOW TO DETERMINE THE PLACE OF GOD IN YOUR HEART|| Pastor Innocent Eleke #shorts #jesusonly,2023-02-24,53,2,Feb,2023
132,MID WEEK SERVICE || BELIEVING GOD'S WORD 2,2023-02-23,55,0,Feb,2023
133,THE GOODNESS OF THE LORD || PST. INNOCENT ELEKE,2023-02-19,84,0,Feb,2023
134,ENGAGING GOD'S WORD || PST. INNOCENT ELEKE,2023-02-18,40,0,Feb,2023
135,REASON FOR DIVORCE IN CHRISTIAN HOMES || Pastor Innocent Eleke #shorts #jesusonly #christian,2023-02-18,285,0,Feb,2023
136,"BELIEVING GOD'S WORD || 15TH FEB, 2023",2023-02-16,43,0,Feb,2023
137,HANDLING YOUR FEELINGS || DR. MRS. NNENNA ELEKE,2023-02-15,227,0,Feb,2023
138,GOD'S GOODNESS IN OUR ACADEMICS AND CAREERS || DR. KINGSLEY UDEGBUNAM,2023-02-12,67,0,Feb,2023
139,"THANKSGIVING PRAYER || 11TH FEB, 2023",2023-02-11,84,0,Feb,2023
140,WHAT IS YOUR CONTRIBUTION TO GOD'S HOUSE? || Pastor Innocent Eleke #shorts #jesusonly #PGMI,2023-02-10,174,0,Feb,2023
141,THE WORD OF GOD 1 || BRO. SAM LEKWA,2023-02-09,48,0,Feb,2023
142,GOD'S GOODNESS || DR. MRS. NNENNA ELEKE,2023-02-05,82,0,Feb,2023
143,SUNDAY SERVICE || PST. INNOCENT ELEKE,2023-01-29,92,0,Jan,2023
144,THE GRACE FOR SERVING GOD || FULL SERMON || Pastor Innocent Eleke,2023-01-29,89,0,Jan,2023
145,WHEN THE KING SPEAKS (DAY 21)  || COMMUNION SERVICE || PST. INNOCENT ELEKE,2023-01-29,101,0,Jan,2023
146,WHEN THE KING SPEAKS (DAY 21)  || ENGR. MIKE OBIKA,2023-01-28,103,0,Jan,2023
147,WHEN THE KING SPEAKS (DAY 20)  || ENGR. MIKE OBIKA,2023-01-28,178,0,Jan,2023
148,HOW TO KNOW IF YOU ARE A HYPOCRITE IN CHURCH || Pastor Innocent Eleke #shorts #ctv2023 #jesusonly,2023-01-27,212,2,Jan,2023
149,BELIEVE GOD IN 2023 || Pastor Innocent Eleke,2023-01-27,34,1,Jan,2023
150,THE DIFFERENCE BETWEEN THE HOUSE OF PRAYER AND A PRAYER HOUSE üèòÔ∏è || Pastor Innocent Eleke   #shorts,2023-01-27,153,0,Jan,2023
151,WHEN THE KING SPEAKS (DAY 19)  || PST. INNOCENT ELEKE,2023-01-27,90,0,Jan,2023
152,WHEN THE KING SPEAKS (DAY 18)  || PST. INNOCENT ELEKE,2023-01-26,76,1,Jan,2023
153,WHEN THE KING SPEAKS (DAY 17)  || PST. INNOCENT ELEKE,2023-01-25,75,0,Jan,2023
154,WHEN THE KING SPEAKS (DAY 16)  || PST. INNOCENT ELEKE,2023-01-23,38,0,Jan,2023
155,THE HEARING EAR || BRO. IKENNA NWOKOLO,2023-01-23,61,0,Jan,2023
156,GRACE FOR ACADEMIC EXCELLENCE || SIS. JULIET NWOKOLO,2023-01-22,77,0,Jan,2023
157,WHEN THE KING SPEAKS (DAY 14)  || PST. INNOCENT ELEKE,2023-01-22,95,0,Jan,2023
158,A MESSAGE TO THE CHURCHES IN NIGERIA || Pastor Innocent Eleke,2023-01-22,42,0,Jan,2023
159,DO YOU HAVE THIS KIND OF HEART?? || Pastor Innocent Eleke #shorts #ctv2023 #jesusonly,2023-01-21,102,0,Jan,2023
160,WHEN THE KING SPEAKS (DAY 13)  || BRO. CHINWEIKE UGWU,2023-01-21,68,0,Jan,2023
161,WHEN THE KING SPEAKS (DAY 12)  || DR. MRS. NNENNA ELEKE,2023-01-20,39,0,Jan,2023
162,WHEN THE KING SPEAKS (DAY 11)  || PST. INNOCENT ELEKE,2023-01-19,85,0,Jan,2023
163,WHEN THE KING SPEAKS (DAY 10)  || CHANGING THE VERDICT 2023 || PST. INNOCENT ELEKE,2023-01-18,81,0,Jan,2023
164,WHEN THE KING SPEAKS (DAY 9)  || CHANGING THE VERDICT 2023 || PST. INNOCENT ELEKE,2023-01-17,87,0,Jan,2023
165,THIS IS HOW PEOPLE DENY YOU YOUR PROPHETIC MINISTRY || Pastor Innocent Eleke,2023-01-16,431,0,Jan,2023
166,WHEN THE KING SPEAKS (DAY8)  || CHANGING THE VERDICT 2023 || PST. INNOCENT ELEKE,2023-01-16,112,0,Jan,2023
167,TOOLS FOR YOUR JOURNEY IN 2023 || PST. INNOCENT ELEKE,2023-01-15,78,0,Jan,2023
168,WHEN THE KING SPEAKS (DAY 7)  || CHANGING THE VERDICT 2023 || DR. MRS. NNENNA ELEKE,2023-01-15,62,0,Jan,2023
169,WHEN THE KING SPEAKS (DAY 6)  || CHANGING THE VERDICT 2023 || PST. INNOCENT ELEKE,2023-01-14,84,0,Jan,2023
170,WHEN THE KING SPEAKS (DAY 5)  || CHANGING THE VERDICT 2023 || PST. INNOCENT ELEKE,2023-01-13,91,0,Jan,2023
171,WHEN THE KING SPEAKS DAY 4 (DIVINE DIRECTION) || PST. INNOCENT ELEKE,2023-01-12,93,0,Jan,2023
172,WHEN THE KING SPEAKS (DAY 3)  || CHANGING THE VERDICT 2023 || PST. INNOCENT ELEKE,2023-01-11,85,0,Jan,2023
173,WHEN THE KING SPEAKS (DAY 2)  || CHANGING THE VERDICT 2023 || PST. INNOCENT ELEKE,2023-01-10,64,1,Jan,2023
174,WHEN THE KING SPEAKS (DAY 1)  || CHANGING THE VERDICT 2023 || PST. INNOCENT ELEKE,2023-01-09,105,0,Jan,2023
175,"SUNDAY SERVICE || 8TH JAN, 2022",2023-01-08,86,0,Jan,2023
176,CROSS OVER SERVICE | SAT. 31ST DEC. 2022,2023-01-01,192,0,Jan,2023
177,CHRISTMAS SERVICE | SUN. 25TH DEC. 2022,2022-12-25,53,0,Dec,2022
178,A REFLECTION ON JESUS || DR. MRS. NNENNA ELEKE,2022-12-22,31,0,Dec,2022
179,HIM || PST. INNOCENT ELEKE,2022-12-18,64,0,Dec,2022
180,"CHRISTMAS CAROL  ( THE GOD WHO LOOKS FOR MAN) || 14TH DEC, 2022",2022-12-14,84,0,Dec,2022
181,SUNDAY SERVICE || 11 DEC. 2022,2022-12-11,47,0,Dec,2022
182,SUNDAY SERVICE || 11 DEC. 2022,2022-12-11,29,0,Dec,2022
183,"SETTING NEW STANDARDS  || 9TH DEC, 2022",2022-12-10,44,0,Dec,2022
184,A PRAISE ON THE EARTH || PST. INNOCENT ELEKE,2022-12-08,63,0,Dec,2022
185,TIMES AND SEASONS || Pastor Innocent Eleke,2022-12-05,55,0,Dec,2022
186,"SUNDAY SERVICE || 4th DEC, 2022",2022-12-04,74,0,Dec,2022
187,"PRAYER MEETING || 3RD DEC, 2022",2022-12-03,36,0,Dec,2022
188,UNDERSTANDING THRONES 4 - RIGHTEOUS THRONES || Bro. Chinweike Ugwu,2022-11-24,26,0,Nov,2022
189,NOW THE KING IS BACK || PST INNOCENT ELEKE,2022-11-20,88,0,Nov,2022
190,PRAYER MEETING 19TH NOV. 2022,2022-11-19,57,0,Nov,2022
191,UNDERSTANDING THRONES 3 || PST. INNOCENT ELEKE,2022-11-17,52,0,Nov,2022
192,ENTHRONING THE KING || PST INNOCENT ELEKE,2022-11-13,114,0,Nov,2022
193,DETHRONING THE ENEMIES IN THE LAND || BRO. CHINWEIKE UGWU,2022-11-12,43,0,Nov,2022
194,UNDERSTANDING THRONES 2 || PST. INNOCENT ELEKE,2022-11-10,62,0,Nov,2022
195,ENTHRONING GOD IN YOUR LIFE AND ACADEMICS - DR. KINGSLEY UDEGBUNAM,2022-11-06,131,0,Nov,2022
196,DETHORNING ENEMIES OF YOUR LIFE AND YOUR FAILY || BRO SAMUEL LEKWA,2022-11-05,118,0,Nov,2022
197,UNDERSTANDING THRONES || BRO. IKENNA NWOKOLO,2022-11-03,66,0,Nov,2022
198,BACK TO SOURCE || PST INNOCENT ELEKE,2022-10-30,219,1,Oct,2022
199,BIBLICAL GIVING 2 || PST INNOCENT ELEKE,2022-10-27,95,0,Oct,2022
200,GIVING || PST INNOCENT ELEKE,2022-10-23,296,1,Oct,2022
201,THREE KEYS TO BINDING AND LOSING || BRO. SAMUEL LEKWA,2022-10-22,58,0,Oct,2022
202,GREAT GRACE UPON ALL BY PST. INNOCENT ELEKE,2022-10-20,50,0,Oct,2022
203,LEST YOU SAY MADE ME RICH || DR TOCHUKWU ANAGOR,2022-10-16,108,0,Oct,2022
204,BINDING AND LOSING 2 || PST INNOCENT ELEKE,2022-10-15,36,0,Oct,2022
205,Accessing Things by the Spirit || Pst. Innocent Eleke,2022-10-13,56,0,Oct,2022
206,SPREADING THE GOSPEL || PST INNOCENT ELEKE,2022-10-09,97,0,Oct,2022
207,BINDING and LOSING || MR NNAEMEKA EZE,2022-10-08,48,0,Oct,2022
208,"Listen, SPIRITUALITY IS HARD WORK || Pastor Innocent Eleke. #church #shorts #JesusOnly",2022-10-07,135,0,Oct,2022
209,SOURCE and SPREAD || PST INNOCENT ELEKE,2022-10-02,91,0,Oct,2022
210,TOTAL ERADICATION by FIRE,2022-10-01,141,0,Oct,2022
211,FANNING YOUR GIFTS TO FLAME || PST INNOCENT ELEKE,2022-09-29,47,0,Sep,2022
212,SEPARATION BY FIRE || PST. INNOCENT ELEKE,2022-09-25,57,0,Sep,2022
213,POWER IN THE BLOOD || DR KINGSLEY UDEGBUNAM,2022-09-24,48,0,Sep,2022
214,MAINTAINING THE FIRE 3,2022-09-22,50,0,Sep,2022
215,THE NEED FOR FIRE BY  PST. INNOCENT ELEKE,2022-09-18,104,0,Sep,2022
216,RULING BY DECREES || PST DR MRS NNENNA ELEKE,2022-09-17,36,0,Sep,2022
217,MAINTAINING THE FIRE 2 _ REV INNOCENT ELEKE,2022-09-15,60,0,Sep,2022
218,LET THE FIRE FALL || EVANG MARTINS WANGERA,2022-09-11,57,0,Sep,2022
219,DEFEATING EVERY NEGATIVE FORCES || BRO NNAEMEKA EZE,2022-09-10,44,0,Sep,2022
220,MAINTAINING THE FIRE || 07 SEPT. 2022,2022-09-08,80,0,Sep,2022
221,LIVING SACRIFICE || MR NNAEMEKA EZE,2022-09-04,70,0,Sep,2022
222,RULING AMIDST YOUR ENEMIES || 03 SEPT. 2022,2022-09-03,35,0,Sep,2022
223,"JESUS IS OUR ADVOCATE, BUT LISTEN TO THIS || Pastor Innocent Eleke",2022-08-30,35,0,Aug,2022
224,START ASKING GOD FOR BIG THINGS || Pastor Innocent Eleke #shorts  #church #JesusOnly,2022-08-30,105,0,Aug,2022
225,ENLARGING GOD'S KINGDOM - PST INNONCENT ELEKE,2022-08-28,137,1,Aug,2022
226,PRAYER OF JABEZ 4 || PRAYER MEETING || 27TH AUGUST 2022,2022-08-27,51,0,Aug,2022
227,HOLY SPIRIT THE ENLARGER - PST INNOCENT ELEKE,2022-08-25,66,0,Aug,2022
228,REIGNING BY ABUNDANCE OF GRACE - PST. INNOCENT ELEKE || CELEBRATING OUR 4 YEARS ANNIVERSARY,2022-08-21,107,0,Aug,2022
229,PRAYER OF JABEZ 3 - PST. INNOCENT ELEKE,2022-08-20,70,0,Aug,2022
230,"RENEWING YOUR MIND - BRO. SAMUEL LEKWA || MID WEEK SERVICE || WED. 17TH AUGUST, 2022",2022-08-18,34,0,Aug,2022
231,YOU NEED TO UNDERSTAND YOUR TEMPTATION || Pastor Innocent Eleke #shorts #temptation #jesusonly,2022-08-17,244,0,Aug,2022
232,WHY YOU SHOULD FEAR WOMEN || Pastor Innocent Eleke #shorts #familylife #wife #jesusonly,2022-08-15,106,2,Aug,2022
233,"IF YOU ARE A LEADER, LISTEN TO THIS || Pastor Innocent Eleke #shorts #church #leadership #jesusonly",2022-08-15,896,0,Aug,2022
234,INCREASE YOUR WORD INTAKE || DR. MRS. NNENNA ELEKE,2022-08-14,99,0,Aug,2022
235,PRAYER JABEZ 2 || BRO. SAMUEL LEKWA,2022-08-13,44,0,Aug,2022
236,HEAR WHAT SHOULD INCREASE IN YOUR LIFE || Pastor Innocent Eleke,2022-08-13,29,2,Aug,2022
237,OPERATING ON THE WORD OF GOD || Pastor Innocent Eleke #shorts #church #jesusonly,2022-08-13,149,0,Aug,2022
238,THIS IS WHY THE CHURCH CANNOT DIE || Pastor Innocent Eleke #shorts #thebodyofchrist #jesusonly,2022-08-11,85,0,Aug,2022
239,ENLARGED MENTALITY || DR. KINGSLEY UDEGBUNAM,2022-08-07,83,0,Aug,2022
240,SET NO WORTHLESS THING BEFORE YOU || Pastor Innocent Eleke,2022-08-07,90,4,Aug,2022
241,FOREX IN CHURCH || Pastor Innocent Eleke #shorts #jesusonly,2022-08-06,232,2,Aug,2022
242,PRAYER OF JABEZ || BRO. CHINWEIKE UGWU,2022-08-06,53,0,Aug,2022
243,DON'T DO THIS IN CHURCH || Pastor Innocent Eleke,2022-08-05,72,0,Aug,2022
244,GOD'S MANDATE FOR ENLARGEMENT || PST. INNOCENT ELEKE,2022-08-04,58,0,Aug,2022
245,MERCY FOR ENLARGEMENT || PST INNOCENT ELEKE,2022-07-31,91,0,Jul,2022
246,"12 HOURS MARATHON TONGUES || 30TH JULY, 2022",2022-07-30,259,0,Jul,2022
247,BUILDING YOUR CONVICTIONS ON GOD'S WORD - PST. INNOCENT ELEKE,2022-07-28,75,1,Jul,2022
248,AS THE WATERS COVER THE SEA || PST. INNOCENT ELEKE,2022-07-24,76,0,Jul,2022
249,PRAYER SATURATION || BRO. CHARLES OLUCHUKWU,2022-07-23,55,0,Jul,2022
250,DANGERS OF LOSING YOUR CONVICTIONS || PST. INNOCENT ELEKE,2022-07-21,95,0,Jul,2022
251,GIVE NO SPACE TO THE DEVIL || BRO CHINWEIKE UGWU,2022-07-17,67,0,Jul,2022
252,WHEN THE CLOUDS ARE FULL || BRO. SAMUEL LEKWA,2022-07-16,50,0,Jul,2022
253,INDICES OF LACK OF CONVICTION || PST. INNOCENT ELEKE,2022-07-14,55,0,Jul,2022
254,FULL OF THE HOLY GHOST AND FIRE || DR. MRS. NNENNA ELEKE,2022-07-10,87,0,Jul,2022
255,BUILDING UP YOURSELVES - BRO CHINWEIKE UGWU,2022-07-09,45,0,Jul,2022
256,ARE YOU CONVINCED? || PST. INNOCENT ELEKE,2022-07-07,110,0,Jul,2022
257,INCREASE OF GOD- PST. INNOCENT ELEKE,2022-07-03,118,0,Jul,2022
258,TARRY YE!  - PST. INNOCENT ELEKE,2022-07-02,39,0,Jul,2022
259,"THE GRACE THAT SUSTAINS CONVICTON || 29TH JUNE, 2022",2022-06-30,67,0,Jun,2022
260,MARVELOUSLY HELPED BY GOD - BRO NNAEMEKA EZE,2022-06-26,66,0,Jun,2022
261,"NIGHT OF ENCOUNTER || 24TH JUNE, 2022",2022-06-25,134,0,Jun,2022
262,GRACE TO  HELP IN TIME OF SPIRITUAL NEED - MRS. CYNTHIA EZE,2022-06-23,68,2,Jun,2022
263,"SUNDAY SERVICE (MEN'S DAY CELEBRATION) || 19TH JUNE, 2022",2022-06-19,110,1,Jun,2022
264,"PRAYER MEETING || SAT. 18TH JUNE, 2022",2022-06-18,38,0,Jun,2022
265,YOUR WIFE IS YOUR GREATEST PRAYER WARRIOR || Pastor Innocent Eleke #shorts #jesusonly #YourWife,2022-06-17,66,0,Jun,2022
266,FEAR WOMEN || Pastor Innocent Eleke #shorts #jesusonly #TreatHerWell,2022-06-17,32,2,Jun,2022
267,HOW TO TREAT YOUR WIFE || Pastor Innocent Eleke,2022-06-17,24,0,Jun,2022
268,"MID WEEK SERVICE || WED. 15TH JUNE, 2022",2022-06-16,36,0,Jun,2022
269,"HELPERS EVERYWHERE - PST. INNOCENT ELEKE || 12TH JUNE, 2022",2022-06-12,85,0,Jun,2022
270,SECRETS TO DEALING WITH LACK || Pastor Innocent Eleke,2022-06-11,55,0,Jun,2022
271,"PRAYER MEETING || SAT. 11TH JUNE, 2022",2022-06-11,27,0,Jun,2022
272,GRACE IN TIME OF NEED (2)- DR. IYKE UGWUOKE,2022-06-09,38,0,Jun,2022
273,THE WEALTH OF TRUE CHRISTIANITY || Pastor Innocent Eleke,2022-06-08,48,1,Jun,2022
274,THERE IS NOTHING LIKE SEXUAL COMPATIBILITY || Pastor Innocent Eleke #shorts #relationship #JesusOnly,2022-06-07,151,0,Jun,2022
275,"PASTOR I HAVE A QUESTION - PST. INNOCENT ELEKE || 5th JUNE, 2022",2022-06-06,378,0,Jun,2022
276,"SUFFICIENT HELP - PST. INNOCENT ELEKE || SUNDAY SERVICE || 5th JUNE, 2022",2022-06-05,194,0,Jun,2022
277,"PRAYER MEETING || SAT. 4TH JUNE, 2022",2022-06-04,31,0,Jun,2022
278,"GRACE IN TIMES OF NEED || MID WEEK SERVICE || 1ST JUNE, 2022",2022-06-02,34,0,Jun,2022
279,"WHEN YOU SEE EVIL, FIGHT IT!, IT'S NOT FROM GOD. || Pastor Innocent Eleke... #Shorts #jesusonly",2022-06-01,36,0,Jun,2022
280,NO MORE INTERFERENCES 3 - PST. INNOCENT ELEKE,2022-05-29,38,0,May,2022
281,"PRAYER MEETING || SAT. 28TH MAY, 2022",2022-05-28,30,0,May,2022
282,"LACK AS AN INTERFERENCE - Pst. Innocent Eleke || WED. 25TH MAY, 2022",2022-05-26,47,0,May,2022
283,"THE FIRE THAT DEALS WITH INTERFERENCES - PST. INNOCENT ELEKE || SUNDAY SERVICE || 22ND MAY, 2022",2022-05-22,81,0,May,2022
284,"PRAYING FOR UNDERSTANDING - PASTOR INNOCENT ELEKE || PRAYER MEETING || 21ST MAY, 2022",2022-05-21,72,0,May,2022
285,HOW MEN LOSE THEIR VOICES || Pastor Innocent Eleke,2022-05-17,54,0,May,2022
286,WORK ON YOUR OBEDIENCE || Pastor Innocent Eleke #mysteryofobedience #bodyofchrist #jesusonly #shorts,2022-05-16,41,0,May,2022
287,"NO MORE INTERFERENCES - Pst. Innocent Eleke || SUNDAY SERVICE || 15TH MAY, 2022",2022-05-15,101,0,May,2022
288,TRAVAILING CONSISTENTLY IN THE PLACE OF PRAYER - BRO. NNAEMEKA EZE || PRAYER MEETING ||14th May 2022,2022-05-14,40,1,May,2022
289,HOW TO KNOW A PROUD MAN || Pastor Innocent Eleke.  #Secretsandmysteries #christianity #shorts,2022-05-13,68,0,May,2022
290,THE HAND OF INTERCESSION - Pastor Innocent Eleke || MID WEEK SERVICE || 11th May 2022,2022-05-12,48,1,May,2022
291,WHY YOU SHOULDN'T STOP PRAYING || Pastor Innocent Eleke,2022-05-11,97,1,May,2022
292,"THE NEED FOR TRAVAIL - Pastor Innocent Eleke || SUNDAY SERVICE || 8TH MAY, 2022",2022-05-08,65,0,May,2022
293,"PRAYER MEETING || SAT. 7TH MAY, 2022",2022-05-07,34,0,May,2022
294,MAY; THE MONTH OF TRAVAIL,2022-05-07,12,0,May,2022
295,"SACRIFICE; AN ATTITUDE OF TRAVAIL - Pastor Innocent Eleke || MID WEEK SERVICE || WED. 4TH MAY, 2022",2022-05-05,80,0,May,2022
296,"ENGAGING YOUR PROPHECY - Pastor Innocent Eleke || SUNDAY SERVICE || 1ST MAY, 2022",2022-05-01,88,3,May,2022
297,"A GREAT DOOR  - Bishop Jonathan Alao ||  DAY 4 - 30TH APRIL, 2022",2022-04-30,130,0,Apr,2022
298,"A GREAT DOOR  - Bishop Jonathan Alao ||  DAY 3 - 29TH APRIL, 2022",2022-04-30,164,0,Apr,2022
299,"A GREAT DOOR  - Bishop Jonathan Alao ||  DAY 2 - 28TH APRIL, 2022",2022-04-29,145,10,Apr,2022
300,"A GREAT DOOR  - Bishop Jonathan Alao ||  DAY 1 - 27TH APRIL, 2022",2022-04-28,164,2,Apr,2022
301,A GREAT DOOR,2022-04-25,61,0,Apr,2022
302,"SUNDAY SERVIICE ||  SUN. 24TH APRIL, 2022",2022-04-24,32,0,Apr,2022
303,"PRAYER MEETING ||  SAT. 23RD APRIL, 2022",2022-04-23,35,0,Apr,2022
304,"THE ALTAR OF PRAYER - Pastor Innocent Eleke || MID WEEK SERVICE || WED. 20TH APRIL, 2022",2022-04-21,49,0,Apr,2022
305,"THE RISEN CHRIST - Pastor Innocent Eleke || EASTER SERVICE || SUN. 17TH APRIL, 2022",2022-04-17,78,0,Apr,2022
306,THE MYSTERY OF PRIESTHOOD || Pastor Innocent Eleke,2022-04-17,121,0,Apr,2022
307,MIDNIGHT PRAYERS TO ACTIVATE YOUR SECRET PLACE || Pastor Innocent Eleke,2022-04-17,99,0,Apr,2022
308,"PRAYER MEETING || SAT. 16TH APRIL, 2022",2022-04-16,39,0,Apr,2022
309,"LOOK AND LIVE - Pastor Innocent Eleke || GOOD FRIDAY SERVICE || 15TH APRIL, 2022",2022-04-15,64,0,Apr,2022
310,"HONOURING GOD WITH YOUR WORD || MID-WEEK SERVICE || 13TH APRIL, 2022",2022-04-14,38,0,Apr,2022
311,THE MYSTERY OF THE SECRET PLACE || Pastor Innocent Eleke,2022-04-12,302,3,Apr,2022
312,"THE GRACE TO HONOUR GOD - PASTOR INNOCENT ELEKE ||| SUNDAY SERVICE || 10TH APRIL, 2022",2022-04-10,47,0,Apr,2022
313,"PRAYER MEETING || SAT. 9TH APRIL, 2022",2022-04-09,35,0,Apr,2022
314,"PRACTICAL STEPS TO HIGHER HONOUR - BRO. IKENNA NWAOKOLO || MID WEEK SERVICE || WED. 6TH APRIL, 2022",2022-04-07,37,0,Apr,2022
315,THE HONOUR OF YOUR PRIESTHOOD - PASTOR INNOCENT ELEKE || PRAYER MEETING || SAT. 2ND APRIL 2022,2022-04-02,43,0,Apr,2022
316,CONSISTENT HONOUR IN YOUR CAREER/ BUSINESS || MID- WEEK SERVICE,2022-03-31,30,0,Mar,2022
317,THE MYSTERY OF INTIMACY || Pastor Innocent Eleke #Shorts #JesusOnly,2022-03-28,254,1,Mar,2022
318,WHAT'S THE DISTANCE BETWEEN YOU AND GOD? || Pastor Innocent Eleke  #Shorts #JesusOnly,2022-03-28,51,0,Mar,2022
319,"NO MORE DISHONOUR - DR. MRS. NNENNA ELENDU-ELEKE || SUNDAY SERVICE - 27TH MARCH, 2022",2022-03-27,55,0,Mar,2022
320,THE ASSIGNMENT || Pastor Innocent Eleke,2022-03-27,235,1,Mar,2022
321,"I MUST RETAIN MY HONOUR || PRAYER MEETING || SAT. 26TH MARCH, 2022",2022-03-26,43,0,Mar,2022
322,"HONOURING GOD'S HOUSE -PASTOR INNOCENT ELEKE || MID-WEEK SERVICE - WED. 23RD MARCH, 2022",2022-03-24,41,0,Mar,2022
323,WHAT ARE YOU FULL OF?? || Pastor Innocent Eleke.,2022-03-23,33,0,Mar,2022
324,THE REASON FOR SUBMISSION || Pastor Innocent Eleke #Shorts #MysteryofSubmission #JesusOnly,2022-03-21,39,0,Mar,2022
325,THE MYSTERY OF AUTHORITY IN THE FAMILY || Pastor Innocent Eleke #Shorts #JesusOnly,2022-03-21,428,0,Mar,2022
326,THE LAW OF SUBMISSION || Pastor Innocent Eleke #Shorts #JesusOnly,2022-03-21,37,0,Mar,2022
327,YOU ARE A DELEGATED AUTHORITY || Pastor Innocent Eleke,2022-03-21,32,0,Mar,2022
328,HONOURING YOUR PARENTS || SUNDAY SERVICE,2022-03-20,44,0,Mar,2022
329,WHAT EVERY WOMAN SHOULD KNOW || Pastor Innocent Eleke,2022-03-18,145,0,Mar,2022
330,"ORDAINED FOR HONOUR - PST. INNOCENT ELEKE || MID WEEK SERVICE -WED. 16TH MARCH,2022",2022-03-17,36,0,Mar,2022
331,"IF YOU KNOW THIS, YOU WILL HAVE PEACE || Pastor Innocent Eleke",2022-03-16,31,0,Mar,2022
332,HONOUR FROM ABOVE || Pastor Innocent Eleke,2022-03-16,20,0,Mar,2022
333,"WHEN YOU DISOBEY GOD, HOW DO YOU RESPOND? || Pastor Innocent ELeke. #Shorts #JesusOnly #PGMI",2022-03-16,49,0,Mar,2022
334,THE HONOUR FROM ABOVE - PST. INNOCENT ELEKE  || SUNDAY SERVICE || SUN. 13TH MARCH 2022,2022-03-13,59,0,Mar,2022
335,GRACE TO HONOUR GOD || PRAYER MEETING || SAT. 12TH MARCH 2022,2022-03-12,35,0,Mar,2022
336,MID WEEK SERVICE || WED. 9TH MARCH 2022,2022-03-10,36,0,Mar,2022
337,SUNDAY SERVICE || SUN. 6TH MARCH 2022,2022-03-06,37,0,Mar,2022
338,I MUST HONOUR THE LORD- PST. INNOCENT ELEKE || PRAYER MEETING,2022-03-05,28,0,Mar,2022
339,HONOURING GOD'S WORD - PST. INNOCENT ELEKE | MID WEEK SERVICE | WED. 2ND MARCH 2022,2022-03-03,16,0,Mar,2022
340,THE MYSTERY OF EVERY SCRIPTURE || Pastor Innocent Eleke.,2022-03-01,19,1,Mar,2022
341,TAKE CARE OF YOURSELF || Pastor Innocent Eleke #JesusOnly #Shorts,2022-02-26,36,0,Feb,2022
342,"LADIES, THIS IS THE KIND OF MAN TO MARRY || Pastor Innocent Eleke. #JesusOnly #Shorts",2022-02-26,61,0,Feb,2022
343,OUR STORY (THE OPEN SECRET) || PST. DR. MRS. INNOCENT ELEKE,2022-02-24,98,1,Feb,2022
344,COUNSELS BEFORE MARRIAGE || PST. & DR. MRS. INNOCENT ELEKE,2022-02-24,46,0,Feb,2022
345,ESTABLISHED BY THE WORD || PST.  INNOCENT ELEKE,2022-02-24,8,0,Feb,2022
346,JOY IN OUR HOMES || SUNDAY SERVICE || SUN. 13TH FEB. 2022,2022-02-13,10,0,Feb,2022
347,JOY IN OUR HOMES || SUNDAY SERVICE || SUN. 13TH FEB. 2022,2022-02-13,26,0,Feb,2022
348,PRAYER MEETING || SAT. 12TH FEB. 2022,2022-02-12,7,0,Feb,2022
349,3 HOURS INTENSIVE NIGHT PRAYERS || Pastor Innocent Eleke,2022-01-26,59,0,Jan,2022
350,THE IRREVERSIBLE VERDICT (DIVINE SENTENCE - DAY 12) || PST. INNOCENT ELEKE,2022-01-16,17,0,Jan,2022
351,CLEARING THE WAY FOR DIVINE SENTENCE (DIVINE SENTENCE - DAY 11)  || PST. INNOCENT ELEKE.,2022-01-16,6,0,Jan,2022
352,DILIGENCE; A KEY TO ESTABLISHMENT || Pastor Innocent Eleke,2022-01-13,38,1,Jan,2022
353,CHANGING THE VERDICT 2022 - DIVINE SENTENCE_DAY 8,2022-01-11,9,0,Jan,2022
354,WHAT HAPPENS WHEN YOU DON'T PRAY || Pastor Innocent Eleke,2022-01-08,27,0,Jan,2022
355,CHANGING THE VERDICT 2022 - DIVINE SENTENCE_DAY 5,2022-01-08,11,0,Jan,2022
356,CHANGING THE VERDICT 2022 - DIVINE SENTENCE_DAY 4,2022-01-08,8,0,Jan,2022
357,EXCERPT FROM CHANGING THE VERDICT 2022 (DIVINE SENTENCE_ DAY 2),2022-01-06,15,0,Jan,2022
358,ENDING STRUGGLES BY DIVINE SENTENCE || Pastor innocent Eleke,2022-01-05,34,0,Jan,2022
359,EXCERPT FROM CHANGING THE VERDICT 2022 (DIVINE SENTENCE_ DAY 1),2022-01-04,16,0,Jan,2022
360,GOD WILL CALL AGAIN || Pastor Innocent Eleke,2022-01-04,27,1,Jan,2022
361,CHANGING THE VERDICT 2022 - DIVINE SENTENCE_DAY 1 (WHEN GOD CALLS AS AT OTHER TIMES),2022-01-04,24,1,Jan,2022
362,The Truth 1.0 || Pastor Innocent Eleke #JesusOnly #Shorts,2022-01-01,66,1,Jan,2022
363,GOD DOESN'T MOVE UNTIL YOU DECIDE TO CHANGE THINGS || Pastor Innocent Eleke,2021-12-31,44,0,Dec,2021
364,THE PRICE FOR LASTING REVIVAL || Pastor Innocent Eleke,2021-12-15,32,0,Dec,2021
365,WHY YOU NEED TO DANCE || Pastor Innocent Eleke,2021-12-13,49,0,Dec,2021
366,A VERY IMPORTANT MESSAGE !! Pastor Innocent Eleke,2021-12-08,51,2,Dec,2021
367,THE NOISE OF THE BAND IS NOT THE MOVE OF THE SPIRIT !! Pastor Innocent Eleke #Shorts #JesusOnly,2021-12-01,77,2,Dec,2021
368,Kingdom Addiction 1 || Rev  Pancras Ngira,2021-11-30,154,0,Nov,2021
369,Why God is coming to you?,2021-11-26,41,0,Nov,2021
370,THE DIFFERENCE BETWEEN RELIGION AND CHRISTIANITY || Pastor Innocent Eleke #JesusOnly #Shorts,2021-11-15,105,1,Nov,2021
371,WORKING WITH INTEGRITY || PST  INNOCENT ELEKE || 10|11|2021,2021-11-12,70,0,Nov,2021
372,WORKING WITH ALL YOUR HEART || BRO  CHINWEIKE UGWU,2021-11-03,27,0,Nov,2021
373,MERE TALK - An Enemy of Work || PST. Innocent Eleke,2021-11-03,33,0,Nov,2021
374,THE NEED FOR WORK (Beyond positive confession) #pastorinnocenteleke #shorts #JesusOnly #Work,2021-11-03,52,1,Nov,2021
375,THE BEAUTY OF WORK || PST. INNOCENT ELEKE,2021-11-02,94,0,Nov,2021
376,MINISTERING SPIRITS || PST. INNOCENT ELEKE,2021-10-24,59,0,Oct,2021
377,WARRING IN THE SPIRIT || PST. INNOCENT ELEKE,2021-10-23,47,0,Oct,2021
378,YOU NEED TO KNOW THIS AS A BELIEVER !! Pastor Innocent Eleke. #shorts #JesusOnly,2021-10-21,76,2,Oct,2021
379,THE REAL TRUTH ABOUT LYING || Pastor innocent Eleke,2021-10-19,138,0,Oct,2021
380,STIR UP YOUR GIFT || DR. TOCHUKWU ANAGOR,2021-10-17,41,0,Oct,2021
381,THE SPIRIT OF COUNSEL || PST. INNOCENT ELEKE,2021-10-16,57,0,Oct,2021
382,NETWORKING BY THE HOLY SPIRIT,2021-10-14,31,0,Oct,2021
383,God's instruction to Believers || Pastor Innocent Eleke.  #Shorts #JesusOnly,2021-10-11,39,1,Oct,2021
384,GRIEVE NOT THE HOLY SPIRIT || PST.  INNOCENT ELEKE,2021-10-10,66,1,Oct,2021
385,PRAYERS|| THE SPIRIT OF THE FEAR OF THE LORD,2021-10-09,11,0,Oct,2021
386,THE SPIRIT OF THE FEAR OF THE LORD || PST. INNOCENTELEKE,2021-10-09,37,0,Oct,2021
387,THE THINGS THAT ATTRACT GOD TO A MAN'S LIFE || Pastor Innocent Eleke,2021-10-08,111,3,Oct,2021
388,THE SPIRIT OF GRACE AND SUPPLICATION || BRO. IKENNA NWAOKOLO,2021-10-07,16,0,Oct,2021
389,THE SPIRIT OF GRACE AND SUPPLICATION,2021-10-06,33,0,Oct,2021
390,PRAYERS || WHEN THE SPIRIT COMES,2021-10-03,14,0,Oct,2021
391,WHEN THE SPIRIT COMES  || PST. INNOCENT ELEKE,2021-10-03,33,1,Oct,2021
392,THE SPIRIT OF MIGHT - PST INNOCENT ELEKE,2021-10-02,70,0,Oct,2021
393,YOU ARE GOD'S BEST || PASTOR INNOCENT ELEKE,2021-09-28,58,0,Sep,2021
394,HOW TO DEAL WITH FEAR || PASTOR INNOCENT ELEKE,2021-09-17,67,0,Sep,2021
395,INNOVATION IS PART OF KINGDOM MANDATE || PASTOR INNOCENT ELEKE,2021-09-13,76,0,Sep,2021
396,DEALING WITH TEMPTATIONS || Pastor Innocent Eleke,2021-08-30,183,0,Aug,2021
397,THE POWER OF WORDS || Pastor Innocent Eleke,2021-08-23,58,0,Aug,2021
398,WHY YOU NEED TO KNOW THE LORD - Pastor Innocent Eleke,2021-08-18,304,2,Aug,2021
399,DOMINION - Pastor Innocent Eleke,2021-08-06,63,0,Aug,2021
400,The Reason For The Anointing - Pastor Innocent ELEKE,2021-07-28,57,0,Jul,2021
401,PRACTICING THE FAITH - Pastor Innocent Eleke,2021-07-26,42,0,Jul,2021
402,THIS IS MISSING IN THE CHURCH - Pastor Innocent Eleke,2021-07-23,108,0,Jul,2021
403,Ministerial Intelligence - Pastor Innocent Eleke,2021-07-14,46,0,Jul,2021
404,WHAT GOD CAN DO BECAUSE OF YOU (The benefits of being a believer) || Pastor Innocent Eleke,2021-07-13,57,2,Jul,2021
405,THE SECRET TO A SUCCESSFUL MARRIAGE || PASTOR INNOCENT ELEKE,2021-07-10,157,3,Jul,2021
406,"""Ye are gods"" BUT LISTEN TO THIS || PASTOR INNOCENT ELEKE",2021-07-07,52,1,Jul,2021
407,BELIEVERS SHOULD GET 100% OF THEIR NEEDS MET THIS WAY || Pastor Innocent Eleke,2021-07-05,38,0,Jul,2021
408,WHAT TO DO BEFORE MAKING THAT MAJOR DECISION || Pastor Innocent Eleke,2021-07-02,40,0,Jul,2021
409,THE GENESIS OF INTERRUPTION (God's original plan) || PASTOR INNOCENT ELEKE,2021-06-29,28,0,Jun,2021
410,THIS IS HOW PRAYER WORKS - PST INNOCENT ELEKE,2021-06-29,114,0,Jun,2021
411,THIS WILL SET THE CHURCH ON FIRE AGAIN || PASTOR INNOCENT ELEKE 2021,2021-06-18,50,2,Jun,2021
412,DO THIS AND YOU WILL BE A BLESSED MAN || PASTOR INNOCENT ELEKE 2021,2021-06-15,41,0,Jun,2021
413,BREAKING OUT OF REJECTION || PASTOR INNOCENT ELEKE 2021,2021-06-11,34,0,Jun,2021
414,WHAT IS YOUR PURPOSE IN LIFE? || PASTOR INNOCENT ELEKE 2021,2021-06-10,62,0,Jun,2021
415,SECRET STRENGTH FOR AN EXTRAORDINARY LIFE || PASTOR INNOCENT ELEKE 2021,2021-06-10,25,0,Jun,2021
416,God's Message To The CHURCHES IN NIGERIA.....#JesusOnly,2021-06-08,444,0,Jun,2021
417,HEARING FROM GOD   PST  INNOCENT,2021-05-28,17,0,May,2021
418,OVERCOMING CHALLENGES --- BRO CHINWEIKE,2021-05-28,10,0,May,2021
419,"DIVINE CONCEPTION   SUN  11TH APRIL, 2021",2021-05-28,5,0,May,2021
420,GROWING OUT OF A DRY GROUND   PST  INNOCENT,2021-05-28,14,0,May,2021
421,EXCEEDING EXPECTATIONS   DR  KINGSLEY,2021-05-28,13,0,May,2021
422,POWERFUL PROPHETIC DECLARATIONS,2021-05-28,6,0,May,2021
423,Growing out of a dry ground.... Pastor INNOCENT ELEKE,2021-05-25,160,1,May,2021
424,#JesusOnly,2021-03-13,10,0,Mar,2021
425,Changing the Verdict 2021,2021-03-13,6,0,Mar,2021
426,#JesusOnly,2021-03-13,9,0,Mar,2021
427,"January 26, 2021",2021-01-26,13,0,Jan,2021
428,"January 26, 2021",2021-01-26,21,0,Jan,2021
429,"January 26, 2021",2021-01-26,6,0,Jan,2021
430,"January 26, 2021",2021-01-26,5,0,Jan,2021
431,"January 26, 2021",2021-01-26,6,0,Jan,2021
432,That you don't know Him doesn't mean He won't heal you; Changing the Verdict 2021,2021-01-13,19,0,Jan,2021
433,Province of Grace Ministries,2020-10-01,38,0,Oct,2020
434,Province of Grace Ministries,2020-10-01,104,0,Oct,2020
435,Faithfulness of God,2020-08-30,16,0,Aug,2020
436,Serving the LORD Fervently,2020-08-26,16,0,Aug,2020
437,By the Spirit of God(PGM),2020-08-23,53,0,Aug,2020
438,The purpose of Endowment,2020-08-02,9,0,Aug,2020
439,Lavishly Endowed,2020-08-01,24,0,Aug,2020
440,Province of Grace Ministries,2020-07-16,37,0,Jul,2020
441,TOTAL RECOVERY,2020-06-01,72,1,Jun,2020
